"District","Nitrogen - High","Nitrogen - Medium","Nitrogen - Low","Phosphorous - High","Phosphorous - Medium","Phosphorous - Low","Potassium - High","Potassium - Medium","Potassium - Low","OC - High","OC - Medium","OC - Low","EC - Saline","EC - Non Saline","pH - Acidic","pH - Neutral","pH - Alkaline"
"LAWNGTLAI","0%","0%","100%","0.9345794392523364%","15.42056074766355%","83.64485981308411%","0%","3.2710280373831777%","96.72897196261682%","0.4830917874396135%","10.144927536231885%","89.3719806763285%","0%","0%","48.93617021276596%","51.06382978723404%","0%"
"MAMIT","0.4143646408839779%","51.17403314917127%","48.41160220994475%","0.7534246575342466%","93.21917808219177%","6.027397260273973%","50.817438692098094%","40.05449591280654%","9.128065395095367%","86.26489138051858%","10.581639803784162%","3.153468815697267%","99.64234620886981%","0.35765379113018597%","39.66275659824047%","60.33724340175953%","0%"
"Hnahthial","0%","0%","100%","0%","61.53846153846154%","38.46153846153846%","0%","15.384615384615385%","84.61538461538461%","76.92307692307692%","23.076923076923077%","0%","0%","0%","7.6923076923076925%","92.3076923076923%","0%"
"LUNGLEI","0%","0%","100%","0.7183908045977011%","43.67816091954023%","55.60344827586207%","0.14347202295552366%","24.2467718794835%","75.60975609756098%","69.8224852071006%","14.497041420118343%","15.680473372781066%","0%","0%","35.08771929824562%","64.75279106858054%","0.1594896331738437%"
"KOLASIB","3.1476997578692494%","53.99515738498789%","42.857142857142854%","75.30266343825666%","22.5181598062954%","2.179176755447942%","75.54479418886199%","18.159806295399516%","6.295399515738499%","79.41888619854721%","16.222760290556902%","4.358353510895884%","5.58252427184466%","94.41747572815534%","44.794188861985475%","55.205811138014525%","0%"
"SAITUAL","0.15625%","0%","99.84375%","2.1806853582554515%","93.61370716510903%","4.205607476635514%","0%","13.551401869158878%","86.44859813084112%","97.8021978021978%","2.0408163265306123%","0.15698587127158556%","0%","0%","47.61904761904762%","52.38095238095238%","0%"
"AIZAWL","0%","0.32102728731942215%","99.67897271268058%","0.32102728731942215%","95.18459069020867%","4.49438202247191%","0.48154093097913325%","32.58426966292135%","66.93418940609952%","100%","0%","0%","100%","0%","87.64044943820225%","12.359550561797754%","0%"
"CHAMPHAI","0%","0%","100%","0%","100%","0%","0%","0%","100%","100%","0%","0%","0%","0%","100%","0%","0%"