"District","Copper - Sufficient","Copper - Deficient","Boron - Sufficient","Boron - Deficient","S - Sufficient","S - Deficient","Fe - Sufficient","Fe - Deficient","Zn - Sufficient","Zn - Deficient","Mn - Sufficient","Mn - Deficient"
"KARAIKAL","99.9000999000999%","0.0999000999000999%","0%","0%","0%","0%","96.7032967032967%","3.2967032967032965%","94.50549450549451%","5.4945054945054945%","96.7032967032967%","3.2967032967032965%"
"PONDICHERRY","98.65067466266866%","1.3493253373313343%","0%","0%","0%","0%","89.15542228885558%","10.844577711144428%","95.60219890054972%","4.397801099450275%","97.15142428785607%","2.848575712143928%"